database,query_id,round,start_time,end_time,elapsed_ms,success,error_message
ymatrix,q01,1,2026-08-05T22:40:01.028082+08:00,2026-08-05T22:40:01.407502+08:00,379.1981710000982,True,
ymatrix,q01,2,2026-08-05T22:40:01.407559+08:00,2026-08-05T22:40:01.554045+08:00,146.46298399975421,True,
ymatrix,q01,3,2026-08-05T22:40:01.554101+08:00,2026-08-05T22:40:01.792705+08:00,238.57664900015152,True,
ymatrix,q01,4,2026-08-05T22:40:01.792759+08:00,2026-08-05T22:40:01.936157+08:00,143.37190500009456,True,
ymatrix,q01,5,2026-08-05T22:40:01.936213+08:00,2026-08-05T22:40:02.067398+08:00,131.1578209997606,True,
ymatrix,q02,1,2026-08-05T22:40:02.294587+08:00,2026-08-05T22:40:02.491366+08:00,196.6160359997957,True,
ymatrix,q02,2,2026-08-05T22:40:02.491501+08:00,2026-08-05T22:40:02.590979+08:00,99.43645299972559,True,
ymatrix,q02,3,2026-08-05T22:40:02.591072+08:00,2026-08-05T22:40:02.675063+08:00,83.84551200015267,True,
ymatrix,q02,4,2026-08-05T22:40:02.675261+08:00,2026-08-05T22:40:02.767417+08:00,92.12539000009201,True,
ymatrix,q02,5,2026-08-05T22:40:02.767475+08:00,2026-08-05T22:40:02.870804+08:00,103.29537799998434,True,
ymatrix,q03,1,2026-08-05T22:40:05.288353+08:00,2026-08-05T22:40:05.558033+08:00,269.38633200006734,True,
ymatrix,q03,2,2026-08-05T22:40:05.558475+08:00,2026-08-05T22:40:05.676449+08:00,117.29157699983261,True,
ymatrix,q03,3,2026-08-05T22:40:05.676516+08:00,2026-08-05T22:40:05.977771+08:00,301.15079699999114,True,
ymatrix,q03,4,2026-08-05T22:40:05.979951+08:00,2026-08-05T22:40:06.155997+08:00,176.0070089999317,True,
ymatrix,q03,5,2026-08-05T22:40:06.157015+08:00,2026-08-05T22:40:06.304779+08:00,147.7274989997568,True,
mysql,q01,1,2026-08-05T22:40:06.697031+08:00,2026-08-05T22:40:06.871453+08:00,174.33551300018735,True,
mysql,q01,2,2026-08-05T22:40:06.871513+08:00,2026-08-05T22:40:07.023156+08:00,151.60997700013468,True,
mysql,q01,3,2026-08-05T22:40:07.023247+08:00,2026-08-05T22:40:07.233179+08:00,209.87067499982004,True,
mysql,q01,4,2026-08-05T22:40:07.233341+08:00,2026-08-05T22:40:07.576404+08:00,343.0059369998162,True,
mysql,q01,5,2026-08-05T22:40:07.578134+08:00,2026-08-05T22:40:07.757310+08:00,179.13577799981795,True,
mysql,q02,1,2026-08-05T22:40:07.918969+08:00,2026-08-05T22:40:08.023037+08:00,103.95015199992486,True,
mysql,q02,2,2026-08-05T22:40:08.023177+08:00,2026-08-05T22:40:08.070662+08:00,47.417191000022285,True,
mysql,q02,3,2026-08-05T22:40:08.070723+08:00,2026-08-05T22:40:08.104535+08:00,33.78317700025946,True,
mysql,q02,4,2026-08-05T22:40:08.104624+08:00,2026-08-05T22:40:08.139340+08:00,34.673621999900206,True,
mysql,q02,5,2026-08-05T22:40:08.139431+08:00,2026-08-05T22:40:08.178688+08:00,39.222967000114295,True,
mysql,q03,1,2026-08-05T22:40:09.137449+08:00,2026-08-05T22:40:09.438586+08:00,301.0716419998971,True,
mysql,q03,2,2026-08-05T22:40:09.438668+08:00,2026-08-05T22:40:09.556174+08:00,117.47676799996043,True,
mysql,q03,3,2026-08-05T22:40:09.556241+08:00,2026-08-05T22:40:09.677232+08:00,120.96173400004773,True,
mysql,q03,4,2026-08-05T22:40:09.677299+08:00,2026-08-05T22:40:09.846451+08:00,169.1251199999897,True,
mysql,q03,5,2026-08-05T22:40:09.846508+08:00,2026-08-05T22:40:09.966672+08:00,120.13726999975916,True,
